stat,psnr,ssim,rmse,lpips,variant
mean,31.832424519435893,0.9442316591739655,0.028272047600087963,0.04846406875488654,Hybrid (minibatch)
std,3.936181932480235,0.03327479126037136,0.013269764293458336,0.02712465043048908,Hybrid (minibatch)
min,24.357236610894635,0.8554826378822327,0.010959343984723,0.0070474622771143,Hybrid (minibatch)
max,39.20430904578936,0.9940680861473083,0.0605533495545387,0.1330984234809875,Hybrid (minibatch)
mean,31.58529277045825,0.9400430222352346,0.02905450016260142,0.054178032441996,Hybrid (fullbatch)
std,3.9141458266302025,0.039335492568320446,0.013587204169171993,0.030723721649333437,Hybrid (fullbatch)
min,23.12173706903785,0.8150935173034668,0.0128046749159693,0.0102103315293788,Hybrid (fullbatch)
max,37.85262883448148,0.9899215698242188,0.0698092803359031,0.1421831846237182,Hybrid (fullbatch)
