stat,psnr,ssim,rmse,lpips,variant
mean,33.60780463333464,0.9550432140628496,0.023566717262534998,0.03964719862172686,Hybrid (minibatch)
std,4.381912668452276,0.03263613691394887,0.012099686019684041,0.028925915241991115,Hybrid (minibatch)
min,25.732738096977805,0.8686395287513733,0.0075931516475975,0.0038633306976407,Hybrid (minibatch)
max,42.39155870921489,0.9950516819953918,0.0516848303377628,0.1397792100906372,Hybrid (minibatch)
mean,33.60780463333464,0.9550432140628496,0.023566717262534998,0.03964719862172686,Hybrid (fullbatch)
std,4.381912668452276,0.03263613691394887,0.012099686019684041,0.028925915241991115,Hybrid (fullbatch)
min,25.732738096977805,0.8686395287513733,0.0075931516475975,0.0038633306976407,Hybrid (fullbatch)
max,42.39155870921489,0.9950516819953918,0.0516848303377628,0.1397792100906372,Hybrid (fullbatch)
