config,psnr_mean,psnr_std,psnr_min,psnr_max,ssim_mean,ssim_std,rmse_mean,rmse_std,lpips_mean,lpips_std,time_mean,time_total
1024 Baseline,31.58529277045825,3.9141458266302025,23.12173706903785,37.85262883448148,0.9400430222352346,0.039335492568320446,0.02905450016260142,0.013587204169171993,0.054178032441996,0.030723721649333437,225.71611992518106,5417.186878204346
1024 Minibatch,31.832424519435893,3.936181932480235,24.357236610894635,39.20430904578936,0.9442316591739655,0.03327479126037136,0.028272047600087963,0.013269764293458336,0.04846406875488654,0.02712465043048908,59.72298141320547,1433.3515539169312
2048 Baseline,33.60780463333464,4.381912668452276,25.732738096977805,42.39155870921489,0.9550432140628496,0.03263613691394887,0.023566717262534998,0.012099686019684041,0.03964719862172686,0.028925915241991115,455.71099159121513,10937.063798189163
2048 Minibatch,34.019977698226235,3.9193058580555604,25.588794743898383,40.55460813918191,0.9622065822283427,0.026670171883621977,0.02203235165992126,0.010858179405290084,0.033166955807246226,0.02242308765729865,138.88024774193764,3333.1259458065033
